-- phpMyAdmin SQL Dump
-- version 4.8.0
-- https://www.phpmyadmin.net/
--
-- Hôte : 127.0.0.1
-- Généré le :  Dim 27 mai 2018 à 21:29
-- Version du serveur :  10.1.31-MariaDB
-- Version de PHP :  7.2.4

SET SQL_MODE = "NO_AUTO_VALUE_ON_ZERO";
SET AUTOCOMMIT = 0;
START TRANSACTION;
SET time_zone = "+00:00";


/*!40101 SET @OLD_CHARACTER_SET_CLIENT=@@CHARACTER_SET_CLIENT */;
/*!40101 SET @OLD_CHARACTER_SET_RESULTS=@@CHARACTER_SET_RESULTS */;
/*!40101 SET @OLD_COLLATION_CONNECTION=@@COLLATION_CONNECTION */;
/*!40101 SET NAMES utf8mb4 */;

--
-- Base de données :  `madagascar`
--

-- --------------------------------------------------------

--
-- Structure de la table `commune`
--

CREATE TABLE `Commune` (
  `id_commune` int(11) NOT NULL PRIMARY KEY AUTO_INCREMENT,
  `id_district` int(11) NOT NULL references District(id_district),
  `des_commune` varchar(255) NOT NULL
) ENGINE=InnoDB DEFAULT CHARSET=latin1;

--
-- Déchargement des données de la table `commune`
--

INSERT INTO `Commune` (`id_district`, `des_commune`) VALUES
(1, 'Alakamisikely'),
(1, 'Ambatomanga'),
(1, 'Ambatomirahavavy'),
(1, 'Amboanana'),
(1, 'Ambohimandry'),
(1, 'Ambohimasina'),
(1, 'Ambohipandrano'),
(1, 'Ambohitrambo'),
(1, 'Ampahimanga'),
(1, 'Andranomiely'),
(1, 'Antambolo'),
(1, 'Antenimbe'),
(1, 'Arivonimamo'),
(1, 'Arivonimamo-II'),
(1, 'Imerintsiatosika'),
(1, 'Mahatsinjo-Est'),
(1, 'Manalalondo'),
(1, 'Marofangady'),
(1, 'Miantsoarivo'),
(1, 'Morafeno'),
(1, 'Morarano'),
(2, 'Ambatomanjaka'),
(2, 'Analavory'),
(2, 'Andolofotsy'),
(2, 'Anosibe-Ifanja'),
(2, 'Antoby-Est'),
(2, 'Manazary'),
(2, 'Mandiavato'),
(2, 'Miarinarivo'),
(2, 'Miarinarivo-II'),
(2, 'SarobaratraIfanja'),
(2, 'Soamahamanina'),
(2, 'Soavimbazaha'),
(2, 'Zoma-Bealoka'),
(3, 'Ambatoasana-Centre'),
(3, 'Amberomanga'),
(3, 'Amparaky'),
(3, 'Ampary'),
(3, 'Ampefy'),
(3, 'Ankaranana'),
(3, 'Ankisabe'),
(3, 'Antanetibe'),
(3, 'Dondona'),
(3, 'Mahavelona'),
(3, 'Mananasy'),
(3, 'Masindray'),
(3, 'Soavinandriana'),
(3, 'Tamponala'),
(4, 'Ambato(Madagascar)'),
(4, 'Ambatolampy'),
(4, 'Ambohidratrimo'),
(4, 'Ambohimanjaka'),
(4, 'Ambohipihaonana'),
(4, 'Ambohitrimanjaka'),
(4, 'Ampangabe'),
(4, 'Ampanotokana'),
(4, 'Anjanadoria'),
(4, 'Anosiala'),
(4, 'Antanetibe'),
(4, 'Antehiroka'),
(4, 'Antsahafilo'),
(4, 'Avaratsena'),
(4, 'Fiadanana'),
(4, 'Iarinarivo'),
(4, 'Ivato(aéroport)'),
(4, 'IvatoFiraisana'),
(4, 'Mahabo'),
(4, 'Mahereza'),
(4, 'Mahitsy'),
(4, 'Mananjara'),
(4, 'Manjakavaradrano'),
(4, 'Merimandroso'),
(4, 'Talatamaty'),
(5, 'Abohimiadana'),
(5, 'Alarobia-Vatosola'),
(5, 'Alatsinainy-Bakaro'),
(5, 'Andohariana'),
(5, 'Andramasina'),
(5, 'Anosibe-Trimoloharana'),
(5, 'Fitsinjovana-Bakaro'),
(5, 'Mandrosoa'),
(5, 'Sabotsy-Ambohitromby'),
(5, 'Sabotsy-Manjakavcahoaka'),
(5, 'Tankafatra'),
(6, 'Alakamisy'),
(6, 'Ambatomanoina'),
(6, 'Amboasary'),
(6, 'Ambohibary'),
(6, 'Ambongamarina'),
(6, 'Analaroa'),
(6, 'Anjozorobe'),
(6, 'Antanetibe'),
(6, 'Beronono'),
(6, 'Betatao'),
(6, 'Mangamila'),
(6, 'Marotsipoy'),
(7, 'Ambohitromby'),
(7, 'Ambolotarakely'),
(7, 'Ankazobe'),
(7, 'Antakavana'),
(7, 'Antotohazo'),
(7, 'Fiadanana'),
(7, 'Fihaonana'),
(7, 'Kiangara'),
(7, 'Mahavelona'),
(7, 'Miantso'),
(7, 'Talata-Angavo'),
(7, 'Tsaramasoandro'),
(8, 'Ambalavao'),
(8, 'Ambatofahavalo'),
(8, 'Ambohidrapeto'),
(8, 'Ambohijanaka'),
(8, 'Ampitatafika'),
(8, 'Andoharanofotsy'),
(8, 'Andranonahoatra'),
(8, 'Androhibe'),
(8, 'Ankaraobato'),
(8, 'Antanetikely'),
(8, 'Bemasoandro'),
(8, 'Bongotsara'),
(8, 'Fenoarivo'),
(8, 'Itaosy'),
(8, 'Soalandy'),
(8, 'Tanjombato'),
(8, 'Tsiafahy'),
(9, 'Alasora'),
(9, 'Ambohimalaza-Miray'),
(9, 'Ambohimanambola'),
(9, 'AmbohimangRova'),
(9, 'Ambohimangakely'),
(9, 'Anjeva-Gara'),
(9, 'Ankadikely-Ilafy'),
(9, 'Ankadinandriana'),
(9, 'Fieferana'),
(9, 'Masindray'),
(9, 'Sabotsy-Namehana'),
(9, 'Talatavolonondry'),
(10, 'Antananarivo-Renivohitra'),
(11, 'Alarobia'),
(11, 'Ambanitsena'),
(11, 'Ambatolaona'),
(11, 'Ambatomanga'),
(11, 'Ambatomena'),
(11, 'Ambohibary'),
(11, 'Ambohitrandriamanitra'),
(11, 'Ambohitrolomahitsy'),
(11, 'Ambohitrony'),
(11, 'Ambohitseheno'),
(11, 'Anjepy'),
(11, 'Anjoma-Betoho'),
(11, 'Ankazondandy'),
(11, 'Antsahalalina'),
(11, 'Manjakandriana'),
(11, 'Mantasoa'),
(11, 'Merimanjaka'),
(11, 'Miadanandriana'),
(11, 'Nandihizana'),
(11, 'Ranovao'),
(11, 'Sadabe'),
(11, 'Sambaina'),
(11, 'Soavinandriana'),
(13, 'Ambatolampy'),
(13, 'Ambatondrakalavao'),
(13, 'Ambodifarihy-Fenomanana'),
(13, 'Ambohipihaonana'),
(13, 'Andranovelona'),
(13, 'AndravolaVohipeno'),
(13, 'Andriambilany'),
(13, 'Antakasina'),
(13, 'Antanamalaza'),
(13, 'Antanimasaka'),
(13, 'Antsampandrano'),
(13, 'Behenjy'),
(13, 'Belambo'),
(13, 'Manjakatompo'),
(13, 'Morarano'),
(13, 'Sabotsy-Namatoana'),
(13, 'Tsiafajavona-Ankaratra'),
(13, 'Tsinjoarivo'),
(14, 'Ambatolahy'),
(14, 'Ambatomiady'),
(14, 'Ambatotsipihina'),
(14, 'Ambodiriana'),
(14, 'Ambohimandroso'),
(14, 'Ambohitompoina'),
(14, 'Ampitatafika'),
(14, 'Andranofito'),
(14, 'Antanifotsy'),
(14, 'Antsahalava'),
(14, 'Antsampandrano'),
(15, 'Antsirabe'),
(16, 'Alakamisy'),
(16, 'Ambano'),
(16, 'Ambatomena'),
(16, 'Ambohibary'),
(16, 'Ambohidranandriana'),
(16, 'Ambohimiarivo'),
(16, 'Ambohitsimanova'),
(16, 'Andranomanelatra'),
(16, 'Antanambao'),
(16, 'Antanimandry'),
(16, 'Antsoatany'),
(16, 'Belazao'),
(16, 'Ibity'),
(16, 'Manandona'),
(16, 'Mandrosohasina'),
(16, 'Mangatano'),
(16, 'Sahanivotry-Mandona'),
(16, 'Soanindrariny'),
(16, 'Tsarahonenana-Sahanivotry'),
(16, 'Vinaninkarena'),
(17, 'Alakamisy-Anativato'),
(17, 'Alakamisy-Marososona'),
(17, 'AlarobiaBemaha'),
(17, 'Ambatonikonilahy'),
(17, 'Ambohimanambola'),
(17, 'Ambohimasina'),
(17, 'Andranomafana'),
(17, 'Andrembesoa'),
(17, 'Anosiarivo-Manapa'),
(17, 'Antohobe'),
(17, 'Antsotso'),
(17, 'Betafo'),
(17, 'Inanantona'),
(17, 'Mahaiza'),
(17, 'Mandritsara'),
(17, 'Manohisoa'),
(17, 'Soavina'),
(17, 'Tritriva'),
(18, 'Ambohiborona'),
(18, 'Andranomiady'),
(18, 'Antsapanimahazo'),
(18, 'Faratsiho'),
(18, 'Miandrarivo'),
(18, 'Ramainandro'),
(18, 'Valabetokana'),
(18, 'Vinaninony-Atsimo'),
(18, 'VinaninonyNord'),
(19, 'AnjomaRamartina'),
(19, 'Ankazomiriotra'),
(19, 'AntanambaoAmbary'),
(19, 'Betsohana'),
(19, 'Fidirana'),
(19, 'Mandoto'),
(19, 'Vasiana'),
(19, 'Vinany'),
(20, 'Ambatomainty-Atsimo'),
(20, 'Ambohitromby'),
(20, 'Fenoarivobe'),
(20, 'Firavahana'),
(20, 'Kiranomena'),
(20, 'Mahajeby'),
(20, 'Maritampona'),
(20, 'Tsinjoarivo'),
(21, 'Ambalanirana'),
(21, 'Ambararatabe'),
(21, 'Ambatolampy'),
(21, 'Ankadinondry-Sakay'),
(21, 'Ankerana-Avaratra'),
(21, 'Anosy'),
(21, 'Belobaka'),
(21, 'Bemahatazana'),
(21, 'Bevato'),
(21, 'Fierenana'),
(21, 'Mahasolo'),
(21, 'Maroharana'),
(21, 'Miandanarivo'),
(21, 'Soanierana'),
(21, 'Tsinjoarivo'),
(21, 'Tsiroanomandidy-Fihaonana'),
(21, 'Tsiroanomandidy'),
(22, 'Ambalamanasy-II'),
(22, 'Ambodiangezoka'),
(22, 'Ambodimanga'),
(22, 'Andapa'),
(22, 'Andrakata'),
(22, 'Andranomena'),
(22, 'Anjialava-Be'),
(22, 'Ankiaka-Be-Nord'),
(22, 'Anoviara'),
(22, 'Antsahamena'),
(22, 'Bealampona'),
(22, 'Belaoka-Marovato'),
(22, 'Betsakotsako-Andranotsara'),
(22, 'Doany'),
(22, 'Marovato'),
(22, 'Matsohely'),
(22, 'Tanandava'),
(23, 'Ambalabe'),
(23, 'Ambinanifaho'),
(23, 'Ambohitralanana'),
(23, 'Ampahana'),
(23, 'Ampohibe'),
(23, 'Antalaha'),
(23, 'Antananambo'),
(23, 'Antombana'),
(23, 'Antsahanoro'),
(23, 'Antsambalahy'),
(23, 'Lanjarivo'),
(23, 'Marofinaritra'),
(23, 'Sarahandrano'),
(23, 'Vinanivao'),
(24, 'Ambatoafo'),
(24, 'Amboangibe'),
(24, 'Ambodiampana'),
(24, 'Ambodivoara'),
(24, 'Ambohimalaza'),
(24, 'Ambohimitsinjo'),
(24, 'Analamaho'),
(24, 'Andrahanjo'),
(24, 'Andratamarina'),
(24, 'Anjangoveratra'),
(24, 'Anjialava'),
(24, 'Anjinjaomby'),
(24, 'Antindra'),
(24, 'Antsahambaharo'),
(24, 'Antsahavaribe'),
(24, 'Bemanevika'),
(24, 'Bevonotra'),
(24, 'Farahalana'),
(24, 'Maroambiny'),
(24, 'Marogaona'),
(24, 'Marojala'),
(24, 'Morafeno'),
(24, 'Nosiarina'),
(24, 'Sambava'),
(24, 'Tanambao-Daoud'),
(25, 'Ambalasatrana'),
(25, 'Ambinanin''andravory'),
(25, 'Amboriala'),
(25, 'Ampanefena'),
(25, 'Ampisikina'),
(25, 'Ampondra'),
(25, 'Andrafainkona'),
(25, 'Andravory'),
(25, 'Antsahavaribe'),
(25, 'AntsirabeNord'),
(25, 'Belambo'),
(25, 'Bobakindro'),
(25, 'Daraina'),
(25, 'Fanambana'),
(25, 'Maromokotra'),
(25, 'Milanoa'),
(25, 'Nosibe'),
(25, 'Tsarabaria'),
(25, 'Vohemar'),
(27, 'Antsiranana'),
(28, 'Ambondrona'),
(28, 'Ambolobozobe'),
(28, 'Andrafiabe'),
(28, 'Andranofanjava'),
(28, 'Andranovondronina'),
(28, 'Anivorano-Nord'),
(28, 'Ankarangona'),
(28, 'Anketrakabe'),
(28, 'Antanamitarana'),
(28, 'Antsahampano'),
(28, 'Antsakoabe'),
(28, 'Antsalaka'),
(28, 'Antsoha'),
(28, 'Bobasakoa'),
(28, 'Bobakilandy'),
(28, 'Joffreville'),
(28, 'Mahalina'),
(28, 'Mahavanona'),
(28, 'Mangaoka'),
(28, 'Mosorolava'),
(28, 'Ramena'),
(28, 'Sadjoavato'),
(28, 'Sakaramy'),
(29, 'Ambakirano'),
(29, 'Ambalan''anjavy'),
(29, 'Ambarakaraka'),
(29, 'Ambilobe'),
(29, 'Ambodibonara'),
(29, 'Ampondralava'),
(29, 'Anaborano-Ifasy'),
(29, 'Anjiabe-Ambony'),
(29, 'Antanambe'),
(29, 'Antsaravibe'),
(29, 'Antsohimbondrona'),
(29, 'Beramanja'),
(29, 'Betsihaka'),
(29, 'Manambato'),
(29, 'Mantaly'),
(29, 'Sirama-Ankaragna'),
(29, 'Tanambao-Marivorahona'),
(30, 'Ambalahonko'),
(30, 'Ambanja'),
(30, 'Ambodimanga'),
(30, 'Ambohimarina'),
(30, 'Ankatafa'),
(30, 'Ankingameloko'),
(30, 'Anorotsangana'),
(30, 'Antafiambotry'),
(30, 'Antranokarany'),
(30, 'Antsahabe'),
(30, 'Antsakoamanondro'),
(30, 'Antsatsaka'),
(30, 'Antsirabe'),
(30, 'Benavony'),
(30, 'BemanevikaEst'),
(30, 'BemanevikyOuest'),
(30, 'Djangoa'),
(30, 'Maevatanana'),
(30, 'Maherivaratra'),
(30, 'Marotolana'),
(30, 'Marovato'),
(31, 'Nosy-Be'),
(32, 'Ambatofinandrahana'),
(32, 'Ambatomifanongoa'),
(32, 'Ambondromisotra'),
(32, 'Amborompotsy'),
(32, 'Fenoarivo'),
(32, 'Itremo'),
(32, 'Mandrosonoro'),
(32, 'Mangataboahangy'),
(32, 'Soavina'),
(33, 'Alakamisy-Ambohijato'),
(33, 'Ambalamanakana'),
(33, 'Ambatofitorahana'),
(33, 'Ambinanindrano'),
(33, 'Ambohimitombo'),
(33, 'Ambositra'),
(33, 'Ambositra-II'),
(33, 'Andina'),
(33, 'Ankazoambo'),
(33, 'Antoetra'),
(33, 'Fahizay-Ambatolahimasina'),
(33, 'Ihadilanana'),
(33, 'Ilaka-Centre'),
(33, 'Imerina-Imady'),
(33, 'Ivato'),
(33, 'Ivony-Miaramiasa'),
(33, 'Kianjandrakefina'),
(33, 'Mahazina-Ambohipierenana'),
(33, 'Marosoa'),
(33, 'Sahatsiho-Ambohimanjaka'),
(33, 'Tsarasaotra'),
(34, 'Alakamisy-Ambohimahazo'),
(34, 'Ankarinoro'),
(34, 'Betsimisotra'),
(34, 'Fandriana'),
(34, 'Fiadanana'),
(34, 'Imito'),
(34, 'Mahazoarivo'),
(34, 'Miarinavaratra'),
(34, 'Milamaina'),
(34, 'Sahamadio'),
(34, 'Sandrandahy'),
(34, 'Tatamalaza'),
(34, 'Tsarazaza'),
(35, 'Ambatomarina'),
(35, 'Ambohimahazo'),
(35, 'Ambohimilanja'),
(35, 'Ambohipo'),
(35, 'Ambovombe-Afovoany'),
(35, 'Andakatanikely'),
(35, 'Andakatany'),
(35, 'Anjoma-Nandihizana'),
(35, 'Anjoman''ankona'),
(35, 'Talata-Vohimena'),
(36, 'Ambalavao'),
(36, 'Ambinanindovoka'),
(36, 'Ambinanindroa'),
(36, 'Ambohimahamasina'),
(36, 'Ambohimandroso'),
(36, 'Andrainjato'),
(36, 'Anjoma'),
(36, 'Ankaramena'),
(36, 'Besoa'),
(36, 'Fenoarivo'),
(36, 'Iarintsena'),
(36, 'Kirano'),
(36, 'Mahazony'),
(36, 'Manamisoa'),
(36, 'Miarinarivo'),
(36, 'Sendrisoa'),
(36, 'Vohitsaoka'),
(37, 'Ambalakindresy'),
(37, 'Ambatosoa'),
(37, 'Ambohimahasoa'),
(37, 'Ambohinamboarina'),
(37, 'Ampitana'),
(37, 'Ankafina-Tsarafidy'),
(37, 'Ankerana'),
(37, 'Befeta'),
(37, 'Camp-Robin'),
(37, 'Fiadanana'),
(37, 'Isaka'),
(37, 'Kalalao'),
(37, 'Manandroy'),
(37, 'Morafeno'),
(37, 'Sahatona'),
(37, 'Sahave'),
(37, 'Vohiposa'),
(38, 'Fianarantsoa'),
(39, 'Ambatomainty'),
(39, 'Fitampito'),
(39, 'Ikalamavony'),
(39, 'Mangidy'),
(39, 'Sakay'),
(39, 'Solila'),
(39, 'Tanamarina'),
(39, 'Tsitondroina'),
(40, 'Ambalamidera-II'),
(40, 'Ambondrona'),
(40, 'Andoharanomaintso'),
(40, 'Anjoma-Itsara'),
(40, 'Ankarinarivo-Manirisoa'),
(40, 'Fanjakana'),
(40, 'Iavinomby-Vohibola'),
(40, 'Isorana'),
(40, 'Mahazoarivo'),
(40, 'Nasandratrony'),
(40, 'Soatanana'),
(41, 'Alakamisy-Ambohimaha'),
(41, 'Alatsinainy-Ialamarina'),
(41, 'Ambalakely'),
(41, 'Ambalamahasoa'),
(41, 'Andrainjato-Centre'),
(41, 'Andrainjato-Est'),
(41, 'Androy'),
(41, 'Fandrandava'),
(41, 'Ialananindro'),
(41, 'Ivoamba'),
(41, 'Mahatsinjony'),
(41, 'Sahambavy'),
(41, 'Taindambo'),
(42, 'Alakamisy-Itenina'),
(42, 'Andranomiditra'),
(42, 'Andranovorivato'),
(42, 'Ankaromalaza-Mifanasoa'),
(42, 'Ihazoara'),
(42, 'Mahaditra'),
(42, 'Mahasoabe'),
(42, 'Maneva'),
(42, 'Soaindrana'),
(42, 'Talata-Ampano'),
(42, 'Vinanitelo'),
(42, 'Vohibato-Ouest'),
(42, 'Vohimarina-Lamosina'),
(42, 'Vohitrafeno'),
(43, 'Ambohimanga-Sud'),
(43, 'Ambohimiera'),
(43, 'Analampasina'),
(43, 'Androrangavola'),
(43, 'Antaretra'),
(43, 'Antsindra'),
(43, 'Fasintsara'),
(43, 'Ifanadiana'),
(43, 'Kelilalina'),
(43, 'Maroharatra'),
(43, 'Marotoko'),
(43, 'Ranomafana'),
(43, 'Tsaratanana'),
(44, 'Ambatofotsy'),
(44, 'Ambohimisafy'),
(44, 'Ambolomadinika'),
(44, 'Ankarimbelo'),
(44, 'Belemoka'),
(44, 'Ifanirea'),
(44, 'Ikongo'),
(44, 'Kalafotsy'),
(44, 'Manampatrana'),
(44, 'Maromiandra'),
(44, 'Sahalanona'),
(44, 'Tanakambana'),
(44, 'Tolongoina'),
(45, 'Ambahatrazo'),
(45, 'Ambahive'),
(45, 'Ambalaroka'),
(45, 'Ambalavero'),
(45, 'Ambila'),
(45, 'Amboanjo'),
(45, 'Ambohitsara-M'),
(45, 'Amborondra'),
(45, 'Ambotaka'),
(45, 'Ampasimanjeva'),
(45, 'Ampasimboraka'),
(45, 'Ampasipotsy'),
(45, 'Analavory'),
(45, 'Anorombato'),
(45, 'Anosiala'),
(45, 'Anteza'),
(45, 'Bekatra'),
(45, 'Fenomby'),
(45, 'Lokomby'),
(45, 'Mahabako'),
(45, 'Mahamaibe'),
(45, 'Manakara'),
(45, 'Mangatsiotra'),
(45, 'Marofarihy'),
(45, 'Mavorano'),
(45, 'Mitanty'),
(45, 'Mizilo-Gara'),
(45, 'Nihaonana'),
(45, 'Onilahy'),
(45, 'Sahanambohitra'),
(45, 'Saharefo'),
(45, 'Sahasinaka'),
(45, 'Sakoana'),
(45, 'Sorombo'),
(45, 'Tataho'),
(45, 'Vatana'),
(45, 'Vinanitelo'),
(45, 'Vohilava'),
(45, 'Vohimanitra'),
(45, 'Vohimasina-Nord'),
(45, 'Vohimasina-Sud'),
(45, 'Vohimasy'),
(46, 'Ambalahosy-Nord'),
(46, 'Ambodinonoka'),
(46, 'Ambohimiarina-II'),
(46, 'Ambohinihaonana'),
(46, 'Andonabe'),
(46, 'Andranambolava'),
(46, 'Anosimparihy'),
(46, 'Antsenavolo'),
(46, 'Kianjavato'),
(46, 'Mahaela'),
(46, 'Mahatsara-Iefaka'),
(46, 'Mahatsara-Sud'),
(46, 'Mahavoky-Nord'),
(46, 'Manakana-Nord'),
(46, 'Mananjary'),
(46, 'Marofototra'),
(46, 'Marokarima'),
(46, 'Marosangy'),
(46, 'Morafeno'),
(46, 'Namorona'),
(46, 'Sandrohy'),
(46, 'Tsaravary'),
(46, 'Tsiatosika'),
(46, 'Vatohandrina'),
(46, 'Vohilava'),
(47, 'Ambahy'),
(47, 'Ambodilafa'),
(47, 'Ampasinambo'),
(47, 'Androrangovola'),
(47, 'Befody'),
(47, 'Fiadanana'),
(47, 'NosyVarika'),
(47, 'Sahavato'),
(47, 'SoavinaEst'),
(47, 'Vohilava'),
(47, 'Vohindroa'),
(47, 'Vohitrandriana'),
(48, 'Andemaka'),
(48, 'Ankarimbary'),
(48, 'Ifatsy'),
(48, 'Ilakatra'),
(48, 'Ivato'),
(48, 'Lanivo'),
(48, 'Mahabo'),
(48, 'Mahasoabe'),
(48, 'Mahazoarivo'),
(48, 'Nato'),
(48, 'Onjatsy'),
(48, 'Sahalava'),
(48, 'Savana'),
(48, 'Vohilany'),
(48, 'Vohindava'),
(48, 'Vohipeno'),
(48, 'Vohitrindry'),
(49, 'Antaninarenina'),
(49, 'Antondabe'),
(49, 'Befotaka'),
(49, 'Befotaka-Sud'),
(49, 'Beharena'),
(49, 'Marovitsika'),
(49, 'Ranotsara-Sud'),
(50, 'Ambalatany'),
(50, 'Ambalavato'),
(50, 'Ambalavato-Antevato'),
(50, 'Ambohigogo'),
(50, 'Ambohimandroso'),
(50, 'Amporoforo'),
(50, 'Ankarana-Miraihina'),
(50, 'Anosivelo'),
(50, 'Anosy-Tsararafa'),
(50, 'Antsiranambe'),
(50, 'Beretra-Bevoay'),
(50, 'Efatsy-Anandroza'),
(50, 'Etrotroka-Sud'),
(50, 'Evato'),
(50, 'Farafangana'),
(50, 'Fenoarivo'),
(50, 'Iabohazo'),
(50, 'Ihorombe'),
(50, 'Ivandrika'),
(50, 'Mahabo-Mananivo'),
(50, 'Mahafasa-Centre'),
(50, 'Mahavelo'),
(50, 'Maheriraty'),
(50, 'Manambotra-Sud'),
(50, 'Marovandrika'),
(50, 'Namohora-Iaborano'),
(50, 'Sahamadio'),
(50, 'Tangainony'),
(50, 'Tovona'),
(50, 'Vohilengo'),
(50, 'Vohimasy'),
(50, 'Vohitromby'),
(51, 'Andranolalina'),
(51, 'Ankazovelo'),
(51, 'Irondro'),
(51, 'Maliorano'),
(51, 'Midongy'),
(51, 'Soakibany'),
(52, 'Ambatolava'),
(52, 'Ambongo'),
(52, 'Amparihy-Est'),
(52, 'Ampasimalemy'),
(52, 'Ampataka'),
(52, 'Anilobe'),
(52, 'Bekaraoka'),
(52, 'Bema'),
(52, 'Bevata'),
(52, 'Fenoambany'),
(52, 'Iara'),
(52, 'Isahara'),
(52, 'Karimbary'),
(52, 'Lohafary'),
(52, 'Lopary'),
(52, 'Manambondro'),
(52, 'Marokibo'),
(52, 'Masianaka'),
(52, 'Matanga'),
(52, 'Ranomena'),
(52, 'Sandravinany'),
(52, 'Soamanova'),
(52, 'Tsianofana'),
(52, 'Tsiately'),
(52, 'Vangaindrano'),
(52, 'Vatanato'),
(52, 'Vohimalaza'),
(52, 'Vohipaho'),
(52, 'Vohitrambo'),
(53, 'Ambohimana'),
(53, 'Anandravy'),
(53, 'Andakana'),
(53, 'Antokonala'),
(53, 'Iamonta'),
(53, 'Ivato'),
(53, 'Karianga'),
(53, 'Mahatsinjo'),
(53, 'Mahavelo'),
(53, 'Mahazoarivo'),
(53, 'Manambidala'),
(53, 'Manato'),
(53, 'Maroteza'),
(53, 'Vohiboreka'),
(53, 'Vohimary'),
(53, 'Vondrozo'),
(54, 'Begogo'),
(54, 'Iakora'),
(54, 'Ranotsara-Nord'),
(55, 'Ambatolahy'),
(55, 'Ambia'),
(55, 'Analaliry'),
(55, 'Analavoka'),
(55, 'Andiolava'),
(55, 'Ankily'),
(55, 'Ihosy'),
(55, 'Ilakaka'),
(55, 'Irina'),
(55, 'Mahasoa'),
(55, 'Menamaty-Iloto'),
(55, 'Ranohira'),
(55, 'Sahambano'),
(55, 'Sakalalina'),
(55, 'Satrokala'),
(55, 'Soamatasy'),
(55, 'Zazafotsy'),
(56, 'Antambohobe'),
(56, 'Ivohibe'),
(56, 'Ivongo'),
(56, 'Maropaika'),
(57, 'Ambaliha'),
(57, 'Ambarijeby'),
(57, 'Analalava'),
(57, 'Andriambavontsona'),
(57, 'Ankaramy-Be'),
(57, 'Antonibe'),
(57, 'Befotaka'),
(57, 'Mahadrodroka'),
(57, 'Maromandia'),
(57, 'Marovantaza'),
(57, 'Marovatolena'),
(58, 'Ambimadiro'),
(58, 'Ambodimanary'),
(58, 'Ambodimandresy'),
(58, 'Ampandriakalindy'),
(58, 'Anahidrano'),
(58, 'Andreba'),
(58, 'Anjalazala'),
(58, 'Anjiamangirana-I'),
(58, 'Ankerika'),
(58, 'Antsahabe'),
(58, 'Antsohihy'),
(58, 'Maroala'),
(59, 'Ambalaromba'),
(59, 'Ambatoriha'),
(59, 'Ambatosia'),
(59, 'Ambodiadabo'),
(59, 'Ambodisikidy'),
(59, 'Ambonomby'),
(59, 'Analila'),
(59, 'Antananivo-Haut'),
(59, 'Antsamaka'),
(59, 'Bealanana'),
(59, 'Beandrarezona'),
(59, 'Mangidrano'),
(59, 'Marotolana'),
(60, 'Ambararata'),
(60, 'Ambodimotso-Atsimo'),
(60, 'Ambolidibe-Est'),
(60, 'Ankarongana'),
(60, 'Antsakabary'),
(60, 'Antsakanalabe'),
(60, 'Befandriana-Avaratra'),
(60, 'Maroamalona'),
(60, 'Matsondana'),
(60, 'Morafeno'),
(60, 'Tsarahonenana'),
(60, 'Tsiamalao'),
(61, 'Ambanjabe'),
(61, 'Ambodimahabibo'),
(61, 'Ambodisakoana'),
(61, 'Ambodivongo'),
(61, 'Amparihy'),
(61, 'Andranomeva'),
(61, 'Boriziny(Port-Bergé)'),
(61, 'BorizinyII'),
(61, 'Leanja'),
(61, 'Maevaranohely'),
(61, 'Marovato'),
(61, 'Tsarahasina'),
(61, 'Tsaratanana'),
(61, 'Tsiningia'),
(61, 'Tsinjomitondraka'),
(62, 'Ambohitoaka'),
(62, 'Ampasimatera'),
(62, 'Bekoratsaka'),
(62, 'Komajia'),
(62, 'Mampikony'),
(62, 'Mampikony-II'),
(63, 'Ambalakirajy'),
(63, 'Ambarikorano'),
(63, 'Ambaripaika'),
(63, 'Ambilombe'),
(63, 'Amboaboa'),
(63, 'Ambodiadabo'),
(63, 'Ambohisoa'),
(63, 'Amborondolo'),
(63, 'Ampatakamaroreny'),
(63, 'Andohajango'),
(63, 'Anjiabe'),
(63, 'Ankiabe-Salohy'),
(63, 'Antanambaon''amberina'),
(63, 'Antananadava'),
(63, 'Antsatramidoladola'),
(63, 'Antsirabe-Afovoany'),
(63, 'Antsoha'),
(63, 'Kalandy'),
(63, 'Manampaneva'),
(63, 'Mandritsara'),
(63, 'Marotandrano'),
(63, 'Tsaratanana'),
(64, 'AmbatoAmbarimay'),
(64, 'Ambondromamy'),
(64, 'Andranofasika'),
(64, 'Andranomamy'),
(64, 'Anjiajia'),
(64, 'Ankijabe'),
(64, 'Ankirihitra'),
(64, 'Madirovalo'),
(64, 'Manerinerina'),
(64, 'Sitampiky'),
(64, 'Tsaramandroso'),
(65, 'Mahajanga'),
(66, 'Ambalabe-Befanjava'),
(66, 'Ambalakida'),
(66, 'Andranoboka'),
(66, 'Bekobay'),
(66, 'Belobaka'),
(66, 'Betsako'),
(66, 'Boanamary'),
(66, 'Mahajamba-Usine'),
(66, 'Mariarano'),
(67, 'Ambolomoty'),
(67, 'Ankaraobato'),
(67, 'Ankazomborona'),
(67, 'Anosinalainolona'),
(67, 'Antanambao-Andranolava'),
(67, 'Antanimasaka'),
(67, 'Bemaharivo'),
(67, 'Manaratsandry'),
(67, 'Marosakoa'),
(67, 'Marovoay'),
(67, 'Marovoay-Banlieue'),
(67, 'Tsararano'),
(68, 'Ambarimaninga'),
(68, 'Antongomena-Bevary'),
(68, 'Antseza'),
(68, 'Bekipay'),
(68, 'Katsepy'),
(68, 'Matsakabanja'),
(68, 'Mitsinjo'),
(69, 'Ambohipaky'),
(69, 'Andranomavo'),
(69, 'Soalala'),
(70, 'Ambaliha'),
(70, 'Andasibe'),
(70, 'Antanimbaribe'),
(70, 'Behazomaty'),
(70, 'Betaimboay'),
(70, 'Kandreho'),
(71, 'Ambalajia'),
(71, 'Ambalanjanakomby'),
(71, 'Andriba'),
(71, 'Antanimbary'),
(71, 'Antsiafabositra'),
(71, 'Bemokotra'),
(71, 'Beratsimanana'),
(71, 'Madiromirafy'),
(71, 'Maevatanana'),
(71, 'Maevatanana-II'),
(71, 'Mahatsinjo'),
(71, 'Mahazoma'),
(71, 'Mangabe'),
(71, 'Maria'),
(71, 'Morafeno'),
(71, 'Tsararano'),
(72, 'Ambakireny'),
(72, 'Andriamena'),
(72, 'Bekapaika'),
(72, 'Betrandraka'),
(72, 'Brieville'),
(72, 'Keliloha'),
(72, 'Manakana'),
(72, 'Sarobaratra'),
(72, 'Tsararova'),
(72, 'Tsaratanana'),
(73, 'Ambatomainty'),
(73, 'Bemarivo'),
(73, 'Marotsialeha'),
(73, 'Sarodrano'),
(74, 'Antsalova'),
(74, 'Bekopaka'),
(74, 'Masoarivo'),
(74, 'Soahany'),
(74, 'Trangahy'),
(75, 'Ambolodia-Sud'),
(75, 'Bekodoka'),
(75, 'Besalampy'),
(75, 'Mahabe'),
(75, 'Marovoay-Sud'),
(75, 'Soanenga'),
(76, 'Andabotoka'),
(76, 'Andranovao'),
(76, 'Ankisatra'),
(76, 'Antsahidoha-Bebao'),
(76, 'Antsondrodava'),
(76, 'Bebakony-Sud'),
(76, 'Berevo-Ranobe'),
(76, 'Betanatanana'),
(76, 'Mafaijijo'),
(76, 'Maintirano'),
(76, 'Marohazo'),
(76, 'Maromavo'),
(76, 'Tambohorano'),
(76, 'Veromanga'),
(77, 'Andramy'),
(77, 'Beravina'),
(77, 'Morafenobe'),
(78, 'Ambandrika'),
(78, 'Banlieue-d''Ambatondrazaka'),
(78, 'Ambatondrazaka'),
(78, 'Ambatosoratra'),
(78, 'Ambohitsilaozana'),
(78, 'Amparihitsokatra'),
(78, 'Ampitatsimo'),
(78, 'Andilanatoby'),
(78, 'Andromba'),
(78, 'Antanandava'),
(78, 'Antsangasanga'),
(78, 'Bejofo'),
(78, 'Didy'),
(78, 'Feramanga-Avaratra'),
(78, 'Ilafy'),
(78, 'Imerimandroso'),
(78, 'Manakambahiny-Est'),
(78, 'Manakambahiny-Ouest'),
(78, 'Soalazaina'),
(78, 'Tanambao-Besakay'),
(79, 'Ambatomainty'),
(79, 'Amboavory'),
(79, 'Ambohijanahary'),
(79, 'Ambohitrarivo'),
(79, 'Amparafaravola'),
(79, 'Andrebakely-Est'),
(79, 'Beanana'),
(79, 'Bedidy'),
(79, 'Morarano-Chrome'),
(79, 'Ranomainty'),
(79, 'Tanambe'),
(79, 'Vohimena'),
(79, 'Vohitsara'),
(80, 'Andilamena'),
(80, 'Antanimenabaka'),
(80, 'Bemaitso'),
(80, 'Maintsokely'),
(80, 'Maroadabo'),
(80, 'Marovato'),
(80, 'Miarinarivo'),
(80, 'Tanananifololahy'),
(81, 'Ambalaomby'),
(81, 'Ambatoharanana'),
(81, 'Ampandoantraka'),
(81, 'Ampasimaneva'),
(81, 'Anosibe-An''ala'),
(81, 'Antandrokomby'),
(81, 'Longozabe'),
(81, 'Niarovana-Marosampanana'),
(81, 'Tratramarina'),
(82, 'Ambatovola'),
(82, 'Amboasary'),
(82, 'Ambohidronono'),
(82, 'Ampasipotsy-Gare'),
(82, 'Ampasipotsy-Mandialaza'),
(82, 'Andaingo'),
(82, 'Andasibe'),
(82, 'Anosibe-Ifody'),
(82, 'Antanandava'),
(82, 'Antaniditra'),
(82, 'Beforona'),
(82, 'Belavabary'),
(82, 'Beparasy'),
(82, 'Fierenana'),
(82, 'Lakato'),
(82, 'Mandialaza'),
(82, 'Moramanga'),
(82, 'Moramanga-Suburbaine'),
(82, 'MoraranoGare'),
(82, 'Sabotsy-Anjiro'),
(82, 'Vodiriana'),
(83, 'Antanambao-Manampotsy'),
(83, 'Antanandehibe'),
(83, 'Mahela'),
(83, 'Manakana'),
(83, 'Saivaza'),
(84, 'Ambalarondra'),
(84, 'Ambinaninony'),
(84, 'Ambohimanana'),
(84, 'Ampasimbe'),
(84, 'Andekaleka'),
(84, 'Andevoranto'),
(84, 'Anivorano-Est'),
(84, 'Anjahamana'),
(84, 'Vohibinany-Brickaville'),
(84, 'Fanasana'),
(84, 'Fetraomby'),
(84, 'Lohariandava'),
(84, 'Mahatsara'),
(84, 'Maroseranana'),
(84, 'Ranomafana-Est'),
(84, 'Razanaka'),
(84, 'Vohitranivona'),
(85, 'Ambinanidilana'),
(85, 'Ambinanindrano'),
(85, 'Ambodibonara'),
(85, 'Ambodiharina'),
(85, 'Ankazotsifantatra'),
(85, 'Befotaka'),
(85, 'Betsizaraina'),
(85, 'Mahanoro'),
(85, 'Manjakandriana'),
(85, 'Masomeloka'),
(85, 'Tsaravinany'),
(86, 'Ambalapaiso-II'),
(86, 'Amboasary'),
(86, 'Ambodinonoka'),
(86, 'Ambohimilanja'),
(86, 'Anbatofisaka-II'),
(86, 'Andonabe-Sud'),
(86, 'Androrangavola'),
(86, 'Anosiarivo'),
(86, 'Betampona'),
(86, 'Lohavanana'),
(86, 'Marolambo'),
(86, 'Sahakevo'),
(87, 'Ambodimanga'),
(87, 'Ankirihiry'),
(87, 'Firaisana-Anjoma'),
(87, 'Morarano'),
(87, 'Tanambao-V'),
(88, 'Ambodilazana'),
(88, 'Ambodiriana'),
(88, 'Amboditandroho'),
(88, 'AmpasibeOnibe'),
(88, 'Ampasimadinika'),
(88, 'Andondabe'),
(88, 'Andranobolaha'),
(88, 'Antenina'),
(88, 'Antetezambaro'),
(88, 'Fanandrana'),
(88, 'Foulpointe'),
(88, 'Ifito'),
(88, 'Mangabe'),
(88, 'Sahambala'),
(88, 'Toamasina-suburbaine'),
(89, 'Ambalabe'),
(89, 'Ambalavolo'),
(89, 'Amboditavolo'),
(89, 'Ambodivoananto'),
(89, 'Ampasimadinika'),
(89, 'Ampasimazava'),
(89, 'AntanambaoMahatsara'),
(89, 'IfasinaI'),
(89, 'IfasinaII'),
(89, 'IlakaEst'),
(89, 'Maintinandry'),
(89, 'Nierenana'),
(89, 'Sahamatevina'),
(89, 'TanambaoVahatrakaka'),
(89, 'Tsivangiana'),
(89, 'Vatomandry'),
(90, 'Ambatoharanana'),
(90, 'Ambodimanga-II'),
(90, 'Ampasimbe-Manantsatrana'),
(90, 'Ampasina-Maningory'),
(90, 'Antsiatsiaka'),
(90, 'Fenoarivo-Atsinanana'),
(90, 'Mahambo'),
(90, 'Miorimivalana'),
(90, 'Saranambana'),
(90, 'Vohilengo'),
(90, 'Vohipeno'),
(91, 'Ambatoharanana'),
(91, 'Ambodiampana'),
(91, 'Ambodivoanio'),
(91, 'Antanambaobe'),
(91, 'Antanambe'),
(91, 'Manambolosy'),
(91, 'Mananara-Nord'),
(91, 'Sandrakatsy'),
(91, 'Saromaona'),
(91, 'Tanibe'),
(91, 'Vanono'),
(92, 'Ambinanitelo'),
(92, 'Andranofotsy'),
(92, 'Androndrono'),
(92, 'Anjanazana'),
(92, 'Ankofa'),
(92, 'Antakotako'),
(92, 'Antsahana'),
(92, 'Antsirabe-Sahatany'),
(92, 'Manambolo'),
(92, 'Maroantsetra'),
(92, 'Rantabe'),
(92, 'Voloina'),
(93, 'Sainte-Marie/NosyBoraha'),
(94, 'Ambahoabe'),
(94, 'Ambodiampana'),
(94, 'Andapafito'),
(94, 'Antanifotsy'),
(94, 'Antenina'),
(94, 'Fotsialanana'),
(94, 'Manompana'),
(94, 'Soanierana-Ivongo'),
(95, 'Ambatoharanana'),
(95, 'Ambodimangavalo'),
(95, 'Ambohibe'),
(95, 'Ampasimazava'),
(95, 'Andasibe'),
(95, 'Anjahambe'),
(95, 'Maromitety'),
(95, 'Miarinarivo'),
(95, 'Sahatavy'),
(95, 'Vavatenina'),
(96, 'Ambiky'),
(96, 'Amboalimena'),
(96, 'Andimaky-Manambolo'),
(96, 'Ankalalobe'),
(96, 'Ankiliroroka'),
(96, 'Ankirondro'),
(96, 'Antsoha'),
(96, 'Belinta'),
(96, 'Belon''i-Tsiribihina'),
(96, 'Berevo'),
(96, 'Beroboka'),
(96, 'Masoarivo'),
(96, 'Tsaraotana'),
(96, 'Tsimafana'),
(97, 'Ambia'),
(97, 'Ampanihy'),
(97, 'Analamitsivala'),
(97, 'Ankilivalo'),
(97, 'Ankilizato'),
(97, 'Befotaka'),
(97, 'Beronono'),
(97, 'Mahabo'),
(97, 'Malaimbandy'),
(97, 'Mandabe'),
(97, 'Tsimazava'),
(98, 'Andranopasy'),
(98, 'Ankiliabo'),
(98, 'AnontsibeCentre'),
(98, 'Beharona'),
(98, 'Manja'),
(98, 'Soaserana'),
(99, 'Ambatolahy'),
(99, 'Ampanihy'),
(99, 'Ankavandra'),
(99, 'Ankondromena'),
(99, 'Ankotrofotsy'),
(99, 'Anosimena'),
(99, 'Bemahatazana'),
(99, 'Betsipolitra'),
(99, 'Dabolava'),
(99, 'Isalo'),
(99, 'Itondy'),
(99, 'Manambina'),
(99, 'Manandaza'),
(99, 'Miandrivazo'),
(99, 'Soaloka'),
(100, 'Analaiva'),
(100, 'Befasy'),
(100, 'BelosurMer'),
(100, 'Bemanonga'),
(100, 'Morondava'),
(101, 'Amboropotsy'),
(101, 'Ampanihy'),
(101, 'Androka'),
(101, 'Ankiliabo'),
(101, 'Ankilimivory'),
(101, 'Ankilizato'),
(101, 'Antaly'),
(101, 'Beahitse'),
(101, 'Belafike'),
(101, 'Beroy-Sud'),
(101, 'Ejeda'),
(101, 'Fotadrevo'),
(101, 'Gogogogo'),
(101, 'Itampolo'),
(101, 'Maniry'),
(101, 'Vohitany'),
(102, 'Andranomafana'),
(102, 'Ankazoabo'),
(102, 'Berenty'),
(102, 'Tandrano'),
(103, 'Benenitra'),
(103, 'Ehara'),
(103, 'Ianapera'),
(104, 'Andranomangatsiaka'),
(104, 'Antohabato'),
(104, 'Beantake'),
(104, 'Beavoha'),
(104, 'Belamoty'),
(104, 'Betioky'),
(104, 'Bezaha'),
(104, 'Fenoandala'),
(104, 'Lazarivo'),
(104, 'Manalobe'),
(104, 'Masiaboay'),
(104, 'Montifeno'),
(104, 'Salobe'),
(104, 'Soamanonga'),
(104, 'Soaserana'),
(104, 'Tameantsoa'),
(104, 'TanambaoAmbony'),
(104, 'Tongobory'),
(104, 'Vatolatsaka'),
(105, 'Behisatra'),
(105, 'Beroroha'),
(105, 'Bemavo'),
(105, 'Fanjakana'),
(105, 'Mandronarivo'),
(105, 'Marerano'),
(105, 'Sakena'),
(105, 'Tanamary'),
(105, 'Vondrove'),
(106, 'Ambahikily'),
(106, 'Antanimeva'),
(106, 'AntongoVaovao'),
(106, 'Basibasy'),
(106, 'Befandefa'),
(106, 'BefandrianaSud'),
(106, 'Morombe'),
(106, 'NosyAmbositra'),
(107, 'Ambinany'),
(107, 'Amboronabo'),
(107, 'Andamasina-Vineta'),
(107, 'Andranolava'),
(107, 'Bereketa'),
(107, 'Mahaboboka'),
(107, 'Miary-Lamatihy'),
(107, 'Miary-Taheza'),
(107, 'Mihavatsy'),
(107, 'Mikoboka'),
(107, 'Mitsinjo'),
(107, 'Sakaraha'),
(108, 'Toliara'),
(109, 'Ambohimahavelona'),
(109, 'Ambolofoty'),
(109, 'Analamisampy'),
(109, 'Andranovory'),
(109, 'Ankililoake'),
(109, 'Ankilimalinike'),
(109, 'Antanimena'),
(109, 'Beheloke'),
(109, 'Behompy'),
(109, 'Belalanda'),
(109, 'Mandrofify'),
(109, 'Manombo-Sud'),
(109, 'Marofoty'),
(109, 'Maromiandra'),
(109, 'Miary'),
(109, 'Milenaka'),
(109, 'Saint-Augustin'),
(109, 'Soalara'),
(109, 'Tsianisiha'),
(110, 'Ambanisarike'),
(110, 'Ambazoa'),
(110, 'Ambohimalaza'),
(110, 'Ambonaivo'),
(110, 'Ambondro'),
(110, 'Ambovombe'),
(110, 'Ampamata'),
(110, 'Andalatanosy'),
(110, 'Anjeky-Ankilikira'),
(110, 'Antanimora-Sud'),
(110, 'Imanombo'),
(110, 'Erada'),
(110, 'Jafaro'),
(110, 'Maroalomainty'),
(110, 'Maroalopoty'),
(110, 'Marovato-Befeno'),
(110, 'Sihanamaro'),
(111, 'Ambahita'),
(111, 'Ambatosola'),
(111, 'Anivorano-Mitsinjo'),
(111, 'Anja-Nord'),
(111, 'Ankaranabo-Nord'),
(111, 'Antsakoamaro'),
(111, 'Bekitro'),
(111, 'Belindo-Mahasoa'),
(111, 'Beraketa'),
(111, 'Beteza'),
(111, 'Bevitiky'),
(111, 'Manakompy'),
(111, 'Maroviro'),
(111, 'MorafenoBekily'),
(111, 'TanambaoTsirandrana'),
(111, 'Tanandava'),
(111, 'Tsikolaky'),
(111, 'Vohimanga'),
(112, 'Beloha'),
(112, 'Kopoky'),
(112, 'Marolinta'),
(112, 'Tranoroa'),
(112, 'Tranovaho'),
(113, 'Antaritarika'),
(113, 'Faux-Cap'),
(113, 'Imongy'),
(113, 'Marovato'),
(113, 'Tsihombe'),
(114, 'Amboasary-Atsimo'),
(114, 'Behara'),
(114, 'Ebelo'),
(114, 'Elonty'),
(114, 'Esira'),
(114, 'Ifotaka'),
(114, 'Mahaly'),
(114, 'Manevy'),
(114, 'Maromby'),
(114, 'Marotsiraka'),
(114, 'Sampona'),
(114, 'TanandavaSud'),
(114, 'Tranomaro'),
(114, 'Tsivory'),
(115, 'Ambalasoa'),
(115, 'Ambatomivary'),
(115, 'Analamary'),
(115, 'Andriandampy'),
(115, 'Beapombo-I'),
(115, 'Beapombo-II'),
(115, 'Bekorobo'),
(115, 'Benato-Toby'),
(115, 'Betroka'),
(115, 'Iaborotra'),
(115, 'Ianabinda'),
(115, 'Ianakafy'),
(115, 'Isoanala'),
(115, 'Ivahona'),
(115, 'Jangany'),
(115, 'Mahabo'),
(115, 'MahasoaEst'),
(115, 'Nagnarena'),
(115, 'Naninora'),
(115, 'Tsaraitso'),
(116, 'Ambatoabo'),
(116, 'Ampasimena'),
(116, 'AmpasyNahampoa'),
(116, 'Analamary'),
(116, 'Analapatsy'),
(116, 'Andranombory'),
(116, 'Ankaramena'),
(116, 'Bevoay'),
(116, 'Enakara-Haut'),
(116, 'Enaniliha'),
(116, 'Fenoevo'),
(116, 'Iabakoho'),
(116, 'Ifarantsa'),
(116, 'Isaka-Ivondro'),
(116, 'Mahatalaky'),
(116, 'Manambaro'),
(116, 'Manantenina'),
(116, 'Mandiso'),
(116, 'Mandromodromotra'),
(116, 'Ranomafana'),
(116, 'Ranopiso'),
(116, 'Sarasambo'),
(116, 'Soanierana'),
(116, 'Tôlanaro');

-----------------------------------------------------
-
--Structure de la table `district`
-

CREATE TABLE `District` (
  `id_district` int(11) NOT NULL PRIMARY KEY,
  `id_region` int(11) NOT NULL references Region(id_region),
  `des_district` varchar(255) NOT NULL
) ENGINE=InnoDB DEFAULT CHARSET=latin1;

--
-- Déchargement des données de la table `district`
--

INSERT INTO `District` (`id_district`, `id_region`, `des_district`) VALUES
(1, 1, 'Arivonimamo'),
(2, 1, 'Miarinarivo'),
(3, 1, 'Soavinandriana'),
(4, 2, 'Ambohidratrimo'),
(5, 2, 'Andramasina'),
(6, 2, 'Anjozorobe'),
(7, 2, 'Ankazobe'),
(8, 2, 'Antananarivo-Atsimondrano'),
(9, 2, 'Antananarivo-Avaradrano'),
(10, 2, 'Antananarivo-Renivohitra'),
(11, 2, 'Manjakandriana'),
(13, 3, 'Ambatolampy'),
(14, 3, 'Antanifotsy'),
(15, 3, 'Antsirabe-I'),
(16, 3, 'Antsirabe-II'),
(17, 3, 'Betafo'),
(18, 3, 'Faratsiho'),
(19, 3, 'Mandoto'),
(20, 4, 'Fenoarivobe'),
(21, 4, 'Tsiroanomandidy'),
(22, 5, 'Andapa'),
(23, 5, 'Antalaha'),
(24, 5, 'Sambava'),
(25, 5, 'Vohemar'),
(27, 6, 'Antsiranana-I'),
(28, 6, 'Antsiranana-II'),
(29, 6, 'Ambilobe'),
(30, 6, 'Ambanja'),
(31, 6, 'Nosy-Be'),
(32, 7, 'Ambatofinandrahana'),
(33, 7, 'Ambositra'),
(34, 7, 'Fandriana'),
(35, 7, 'Manandriana'),
(36, 8, 'Ambalavao'),
(37, 8, 'Ambohimahasoa'),
(38, 8, 'Fianarantsoa'),
(39, 8, 'Ikalamavony'),
(40, 8, 'Isandra'),
(41, 8, 'Lalangina'),
(42, 8, 'Vohibato'),
(43, 9, 'Ifanadiana'),
(44, 9, 'Ikongo'),
(45, 9, 'Manakara'),
(46, 9, 'Mananjary'),
(47, 9, 'Nosy-Varika'),
(48, 9, 'Vohipeno'),
(49, 10, 'Befotaka'),
(50, 10, 'Farafangana'),
(51, 10, 'Midongy'),
(52, 10, 'Vangaindrano'),
(53, 10, 'Vondrozo'),
(54, 11, 'Iakora'),
(55, 11, 'Ihosy'),
(56, 11, 'Ivohibe'),
(57, 12, 'Analalava'),
(58, 12, 'Antsohihy'),
(59, 12, 'Bealanana'),
(60, 12, 'Befandriana-Avaratra'),
(61, 12, 'Boriziny'),
(62, 12, 'Mampikony'),
(63, 12, 'Mandritsara'),
(64, 13, 'Ambato-Boeny'),
(65, 13, 'Mahajanga-I'),
(66, 13, 'Mahajanga-II'),
(67, 13, 'Marovoay'),
(68, 13, 'Mitsinjo'),
(69, 13, 'Soalala'),
(70, 14, 'Kandreho'),
(71, 14, 'Maevatanana'),
(72, 14, 'Tsaratanana'),
(73, 15, 'Ambatomainty'),
(74, 15, 'Antsalova'),
(75, 15, 'Besalampy'),
(76, 15, 'Maintirano'),
(77, 15, 'Morafenobe'),
(78, 16, 'Ambatondrazaka'),
(79, 16, 'Amparafaravola'),
(80, 16, 'Andilamena'),
(81, 16, 'Anosibe-An''ala'),
(82, 16, 'Moramanga'),
(83, 17, 'Antanambao-Manampotsy'),
(84, 17, 'Brickaville'),
(85, 17, 'Mahanoro'),
(86, 17, 'Marolambo'),
(87, 17, 'Tamatave-I'),
(88, 17, 'Tamatave-II'),
(89, 17, 'Vatomandry'),
(90, 18, 'Fénérive-Est'),
(91, 18, 'Manarana-Nord'),
(92, 18, 'Maroantsetra'),
(93, 18, 'Nosy-Boraha'),
(94, 18, 'Soanierana-Ivongo'),
(95, 18, 'Vavatenina'),
(96, 19, 'Belo-sur-Tsiribihina'),
(97, 19, 'Mahabo'),
(98, 19, 'Manja'),
(99, 19, 'Miandrivazo'),
(100, 19, 'Morondava'),
(101, 20, 'Ampanihy'),
(102, 20, 'Ankazoabo'),
(103, 20, 'Benenitra'),
(104, 20, 'Betioky-Sud'),
(105, 20, 'Beroroha'),
(106, 20, 'Morombe'),
(107, 20, 'Sakaraha'),
(108, 20, 'Tuléar-I'),
(109, 20, 'Tuléar-II'),
(110, 21, 'Ambovombe'),
(111, 21, 'Bekily'),
(112, 21, 'Beloha'),
(113, 21, 'Tsiombe'),
(114, 22, 'Amboasary-Sud'),
(115, 22, 'Betroka'),
(116, 22, 'Taolanaro');
-- --------------------------------------------------------

--
-- Structure de la table `province`
--

CREATE TABLE `Province` (
  `id_province` int(11) NOT NULL AUTO_INCREMENT PRIMARY KEY,
  `des_province` varchar(255) NOT NULL
) ENGINE=InnoDB DEFAULT CHARSET=latin1;

--
-- Déchargement des données de la table `province`
--

INSERT INTO `Province` (`des_province`) VALUES
('Antananarivo'),
('Antsiranana'),
('Fianarantsoa'),
('Mahajanga'),
('Toamasina'),
('Toliara');

-- --------------------------------------------------------

--
-- Structure de la table `region`
--

CREATE TABLE `Region` (
  `id_region` int(11) NOT NULL AUTO_INCREMENT PRIMARY KEY,
  `id_province` int(11) NOT NULL references Province(id_province),
  `des_region` varchar(255) NOT NULL
) ENGINE=InnoDB DEFAULT CHARSET=latin1;

--
-- Déchargement des données de la table `region`
--

INSERT INTO `Region` (`id_province`, `des_region`) VALUES
(1, 'Itasy'),
(1, 'Analamanga'),
(1, 'Vakinankaratra'),
(1, 'Bongolava'),
(2, 'SAVA'),
(2, 'DIANA'),
(3, 'Amoron''i Mania'),
(3, 'Haute Matsiatra'),
(3, 'Vatovavy-Fitovinany'),
(3, 'Atsimo-Atsinanana'),
(3, 'Ihorombe'),
(4, 'Sofia'),
(4, 'Boeny'),
(4, 'Betsiboka'),
(4, 'Melaky'),
(5, 'Alaotra-Mangoro'),
(5, 'Atsinanana'),
(5, 'Analanjirofo'),
(6, 'Menabe'),
(6, 'Atsimo-Andrefana'),
(6, 'Androy'),
(6, 'Anosy');

--
-- Index pour les tables déchargées
--

--
-- Index pour la table `commune`
--
ALTER TABLE `commune`
  ADD PRIMARY KEY (`id`);

--
-- Index pour la table `district`
--
ALTER TABLE `district`
  ADD PRIMARY KEY (`id`);

--
-- Index pour la table `province`
--
ALTER TABLE `province`
  ADD PRIMARY KEY (`id`);

--
-- Index pour la table `region`
--
ALTER TABLE `region`
  ADD PRIMARY KEY (`id`);

--
-- AUTO_INCREMENT pour les tables déchargées
--

--
-- AUTO_INCREMENT pour la table `commune`
--
ALTER TABLE `commune`
  MODIFY `id` int(11) NOT NULL AUTO_INCREMENT, AUTO_INCREMENT=1431;

--
-- AUTO_INCREMENT pour la table `district`
--
ALTER TABLE `district`
  MODIFY `id` int(11) NOT NULL AUTO_INCREMENT, AUTO_INCREMENT=117;

--
-- AUTO_INCREMENT pour la table `province`
--
ALTER TABLE `province`
  MODIFY `id` int(11) NOT NULL AUTO_INCREMENT, AUTO_INCREMENT=7;

--
-- AUTO_INCREMENT pour la table `region`
--
ALTER TABLE `region`
  MODIFY `id` int(11) NOT NULL AUTO_INCREMENT, AUTO_INCREMENT=23;
COMMIT;

/*!40101 SET CHARACTER_SET_CLIENT=@OLD_CHARACTER_SET_CLIENT */;
/*!40101 SET CHARACTER_SET_RESULTS=@OLD_CHARACTER_SET_RESULTS */;
/*!40101 SET COLLATION_CONNECTION=@OLD_COLLATION_CONNECTION */;